message_size,num_messages,avg_latency_ms,throughput_MBps
32,10000,0.0912209,0.334546
64,10000,0.0787135,0.775409
128,10000,0.0795735,1.53406
256,10000,0.0654695,3.72907
512,10000,0.134216,3.63803
1024,10000,0.0701622,13.9186
2048,10000,0.0883193,22.1144
4096,10000,0.0921831,42.3749
8192,5000,0.00997646,783.093
16384,2000,0.0168144,929.265
32768,1000,0.0257466,1213.75
65536,1000,0.0360184,1735.23
