message_size,num_messages,avg_latency_ms,throughput_MBps
1024,10000,0.0684958,14.2573
2048,10000,0.212792,9.17857
2048,100000,0.0671986,29.065
32,10000,0.0520633,0.586163
64,10000,0.0683511,0.892965
128,10000,0.0549215,2.22263
256,10000,0.0609372,4.00643
4096,10000,0.0934532,41.799
32768,1000,0.0199507,1566.36
65536,1000,0.0373411,1673.76
